"","site","Gatun_dist","Cano_Quebrado_dist","Trinidad_dist","Ciri_Grande_dist","min_dist","dummy","mean","year","percentage","Oceangoing","Ciri_Grande_max","Trinidad_max","Cano_Quebrado_max","Gatun_max","Ciri_Grande_min","Trinidad_min","Cano_Quebrado_min","Gatun_min","Ciri_Grande_range","Trinidad_range","Cano_Quebrado_range","Gatun_range"
"1","ARN",30428.7142739255,13869.2749379916,2266.66605623771,9948.50364903185,25332.565,0,0.213888888888889,"2003",0,NA,NA,NA,NA,NA,NA,NA,NA,NA,NA,NA,NA,NA
"2","ARN",30428.7142739255,13869.2749379916,2266.66605623771,9948.50364903185,25332.565,0,0.253489583333333,"2004",0,12518,NA,NA,NA,NA,NA,NA,NA,NA,NA,NA,NA,NA
"3","ARN",30428.7142739255,13869.2749379916,2266.66605623771,9948.50364903185,25332.565,0,0.195520833333333,"2005",0,12647,NA,NA,NA,NA,NA,NA,NA,NA,NA,NA,NA,NA
"4","BAT",20591.8953470582,20728.8132006056,17671.4322433271,20402.0152096503,10689.48,0,0.213888888888889,"2003",0,NA,NA,NA,NA,NA,NA,NA,NA,NA,NA,NA,NA,NA
"5","BAT",20591.8953470582,20728.8132006056,17671.4322433271,20402.0152096503,10689.48,0,0.253489583333333,"2004",0,12518,NA,NA,NA,NA,NA,NA,NA,NA,NA,NA,NA,NA
"6","BAT",20591.8953470582,20728.8132006056,17671.4322433271,20402.0152096503,10689.48,0,0.195520833333333,"2005",0,12647,NA,NA,NA,NA,NA,NA,NA,NA,NA,NA,NA,NA
"7","BCI",13614.4365716764,15252.8150983876,19186.3848092991,25216.3342469678,10988.875,0,0.213888888888889,"2003",0,NA,NA,NA,NA,NA,NA,NA,NA,NA,NA,NA,NA,NA
"8","BCI",13614.4365716764,15252.8150983876,19186.3848092991,25216.3342469678,10988.875,0,0.253489583333333,"2004",0,12518,NA,NA,NA,NA,NA,NA,NA,NA,NA,NA,NA,NA
"9","BCI",13614.4365716764,15252.8150983876,19186.3848092991,25216.3342469678,10988.875,0,0.195520833333333,"2005",0,12647,NA,NA,NA,NA,NA,NA,NA,NA,NA,NA,NA,NA
"10","DC1",19028.3808434717,16678.663815354,30779.6562958475,39640.837798094,21509.056,0,0.213888888888889,"2003",0,NA,NA,NA,NA,NA,NA,NA,NA,NA,NA,NA,NA,NA
"11","DC1",19028.3808434717,16678.663815354,30779.6562958475,39640.837798094,21509.056,0,0.253489583333333,"2004",0,12518,NA,NA,NA,NA,NA,NA,NA,NA,NA,NA,NA,NA
"12","DC1",19028.3808434717,16678.663815354,30779.6562958475,39640.837798094,21509.056,0,0.195520833333333,"2005",0,12647,NA,NA,NA,NA,NA,NA,NA,NA,NA,NA,NA,NA
"13","ESC",23426.0581320076,18807.0372303987,13702.138906408,16418.2431695599,14719.139,0,0.213888888888889,"2003",0,NA,NA,NA,NA,NA,NA,NA,NA,NA,NA,NA,NA,NA
"14","ESC",23426.0581320076,18807.0372303987,13702.138906408,16418.2431695599,14719.139,0,0.253489583333333,"2004",0,12518,NA,NA,NA,NA,NA,NA,NA,NA,NA,NA,NA,NA
"15","ESC",23426.0581320076,18807.0372303987,13702.138906408,16418.2431695599,14719.139,0,0.195520833333333,"2005",0,12647,NA,NA,NA,NA,NA,NA,NA,NA,NA,NA,NA,NA
"16","HUM",35937.6716455615,23842.6369092347,10413.3794279523,4785.59435961722,27124.664,0,0.213888888888889,"2003",0,NA,NA,NA,NA,NA,NA,NA,NA,NA,NA,NA,NA,NA
"17","HUM",35937.6716455615,23842.6369092347,10413.3794279523,4785.59435961722,27124.664,0,0.253489583333333,"2004",0,12518,NA,NA,NA,NA,NA,NA,NA,NA,NA,NA,NA,NA
"18","HUM",35937.6716455615,23842.6369092347,10413.3794279523,4785.59435961722,27124.664,0,0.195520833333333,"2005",0,12647,NA,NA,NA,NA,NA,NA,NA,NA,NA,NA,NA,NA
"19","LAT",24343.6003652747,358.105997715729,14859.7180488225,23984.9251634188,26352.156,0,0.213888888888889,"2003",0,NA,NA,NA,NA,NA,NA,NA,NA,NA,NA,NA,NA,NA
"20","LAT",24343.6003652747,358.105997715729,14859.7180488225,23984.9251634188,26352.156,0,0.253489583333333,"2004",0,12518,NA,NA,NA,NA,NA,NA,NA,NA,NA,NA,NA,NA
"21","LAT",24343.6003652747,358.105997715729,14859.7180488225,23984.9251634188,26352.156,0,0.195520833333333,"2005",0,12647,NA,NA,NA,NA,NA,NA,NA,NA,NA,NA,NA,NA
"22","MLR",7910.90187426184,23246.4106456374,27738.1044379479,32828.5702651639,5954.871,0,0.213888888888889,"2003",0,NA,NA,NA,NA,NA,NA,NA,NA,NA,NA,NA,NA,NA
"23","MLR",7910.90187426184,23246.4106456374,27738.1044379479,32828.5702651639,5954.871,0,0.253489583333333,"2004",0,12518,NA,NA,NA,NA,NA,NA,NA,NA,NA,NA,NA,NA
"24","MLR",7910.90187426184,23246.4106456374,27738.1044379479,32828.5702651639,5954.871,0,0.195520833333333,"2005",0,12647,NA,NA,NA,NA,NA,NA,NA,NA,NA,NA,NA,NA
"25","RAI",28922.5675863019,18315.8697676524,8411.76233678177,10127.8592118374,21113.423,0,0.213888888888889,"2003",0,NA,NA,NA,NA,NA,NA,NA,NA,NA,NA,NA,NA,NA
"26","RAI",28922.5675863019,18315.8697676524,8411.76233678177,10127.8592118374,21113.423,0,0.253489583333333,"2004",0,12518,NA,NA,NA,NA,NA,NA,NA,NA,NA,NA,NA,NA
"27","RAI",28922.5675863019,18315.8697676524,8411.76233678177,10127.8592118374,21113.423,0,0.195520833333333,"2005",0,12647,NA,NA,NA,NA,NA,NA,NA,NA,NA,NA,NA,NA
"28","TAR",24563.7642682102,534.599126074885,13972.7180001065,23094.2257097916,26097.38,0,0.213888888888889,"2003",0,NA,NA,NA,NA,NA,NA,NA,NA,NA,NA,NA,NA,NA
"29","TAR",24563.7642682102,534.599126074885,13972.7180001065,23094.2257097916,26097.38,0,0.253489583333333,"2004",0,12518,NA,NA,NA,NA,NA,NA,NA,NA,NA,NA,NA,NA
"30","TAR",24563.7642682102,534.599126074885,13972.7180001065,23094.2257097916,26097.38,0,0.195520833333333,"2005",0,12647,NA,NA,NA,NA,NA,NA,NA,NA,NA,NA,NA,NA
"31","TMR",31742.9503478206,22590.9018621568,36780.0814274588,45937.8004285664,8771.424,0,0.213888888888889,"2003",0,NA,NA,NA,NA,NA,NA,NA,NA,NA,NA,NA,NA,NA
"32","TMR",31742.9503478206,22590.9018621568,36780.0814274588,45937.8004285664,8771.424,0,0.253489583333333,"2004",0,12518,NA,NA,NA,NA,NA,NA,NA,NA,NA,NA,NA,NA
"33","TMR",31742.9503478206,22590.9018621568,36780.0814274588,45937.8004285664,8771.424,0,0.195520833333333,"2005",0,12647,NA,NA,NA,NA,NA,NA,NA,NA,NA,NA,NA,NA
"34","ARN",30428.7142739255,13869.2749379916,2266.66605623771,9948.50364903185,25332.565,0,0.190729166666667,"2007",0,13233,NA,NA,NA,NA,NA,NA,NA,NA,NA,NA,NA,NA
"35","BAT",20591.8953470582,20728.8132006056,17671.4322433271,20402.0152096503,10689.48,0,0.190729166666667,"2007",0,13233,NA,NA,NA,NA,NA,NA,NA,NA,NA,NA,NA,NA
"36","BCI",13614.4365716764,15252.8150983876,19186.3848092991,25216.3342469678,10988.875,0,0.190729166666667,"2007",0,13233,NA,NA,NA,NA,NA,NA,NA,NA,NA,NA,NA,NA
"37","DC1",19028.3808434717,16678.663815354,30779.6562958475,39640.837798094,21509.056,0,0.190729166666667,"2007",0,13233,NA,NA,NA,NA,NA,NA,NA,NA,NA,NA,NA,NA
"38","ESC",23426.0581320076,18807.0372303987,13702.138906408,16418.2431695599,14719.139,0,0.190729166666667,"2007",0,13233,NA,NA,NA,NA,NA,NA,NA,NA,NA,NA,NA,NA
"39","HUM",35937.6716455615,23842.6369092347,10413.3794279523,4785.59435961722,27124.664,0,0.190729166666667,"2007",0,13233,NA,NA,NA,NA,NA,NA,NA,NA,NA,NA,NA,NA
"40","LAT",24343.6003652747,358.105997715729,14859.7180488225,23984.9251634188,26352.156,0,0.190729166666667,"2007",0,13233,NA,NA,NA,NA,NA,NA,NA,NA,NA,NA,NA,NA
"41","MLR",7910.90187426184,23246.4106456374,27738.1044379479,32828.5702651639,5954.871,0,0.190729166666667,"2007",0,13233,NA,NA,NA,NA,NA,NA,NA,NA,NA,NA,NA,NA
"42","RAI",28922.5675863019,18315.8697676524,8411.76233678177,10127.8592118374,21113.423,0,0.190729166666667,"2007",0,13233,NA,NA,NA,NA,NA,NA,NA,NA,NA,NA,NA,NA
"43","TAR",24563.7642682102,534.599126074885,13972.7180001065,23094.2257097916,26097.38,0,0.190729166666667,"2007",0,13233,NA,NA,NA,NA,NA,NA,NA,NA,NA,NA,NA,NA
"44","TMR",31742.9503478206,22590.9018621568,36780.0814274588,45937.8004285664,8771.424,0,0.190729166666667,"2007",0,13233,NA,NA,NA,NA,NA,NA,NA,NA,NA,NA,NA,NA
"45","M12",33591.3561179688,24584.0846359102,38686.9480451806,47834.8959473604,6872.343,0,0.213888888888889,"2003",0,NA,NA,NA,NA,NA,NA,NA,NA,NA,NA,NA,NA,NA
"46","M12",33591.3561179688,24584.0846359102,38686.9480451806,47834.8959473604,6872.343,0,0.253489583333333,"2004",0,12518,NA,NA,NA,NA,NA,NA,NA,NA,NA,NA,NA,NA
"47","M12",33591.3561179688,24584.0846359102,38686.9480451806,47834.8959473604,6872.343,0,0.195520833333333,"2005",0,12647,NA,NA,NA,NA,NA,NA,NA,NA,NA,NA,NA,NA
"48","M2",35250.9072610082,25953.7087142782,39935.0883824051,49065.6350691072,5232.743,0,0.213888888888889,"2003",0,NA,NA,NA,NA,NA,NA,NA,NA,NA,NA,NA,NA,NA
"49","M2",35250.9072610082,25953.7087142782,39935.0883824051,49065.6350691072,5232.743,0,0.253489583333333,"2004",0,12518,NA,NA,NA,NA,NA,NA,NA,NA,NA,NA,NA,NA
"50","M2",35250.9072610082,25953.7087142782,39935.0883824051,49065.6350691072,5232.743,0,0.195520833333333,"2005",0,12647,NA,NA,NA,NA,NA,NA,NA,NA,NA,NA,NA,NA
"51","M5",33941.9830761875,24698.2645427892,38758.1266695193,47900.7831866536,6519.77,0,0.213888888888889,"2003",0,NA,NA,NA,NA,NA,NA,NA,NA,NA,NA,NA,NA,NA
"52","M5",33941.9830761875,24698.2645427892,38758.1266695193,47900.7831866536,6519.77,0,0.253489583333333,"2004",0,12518,NA,NA,NA,NA,NA,NA,NA,NA,NA,NA,NA,NA
"53","M5",33941.9830761875,24698.2645427892,38758.1266695193,47900.7831866536,6519.77,0,0.195520833333333,"2005",0,12647,NA,NA,NA,NA,NA,NA,NA,NA,NA,NA,NA,NA
"54","RAP",35134.0880670639,25803.6191830836,39787.5877621464,48918.6972759373,5340.872,0,0.213888888888889,"2003",0,NA,NA,NA,NA,NA,NA,NA,NA,NA,NA,NA,NA,NA
"55","RAP",35134.0880670639,25803.6191830836,39787.5877621464,48918.6972759373,5340.872,0,0.253489583333333,"2004",0,12518,NA,NA,NA,NA,NA,NA,NA,NA,NA,NA,NA,NA
"56","RAP",35134.0880670639,25803.6191830836,39787.5877621464,48918.6972759373,5340.872,0,0.195520833333333,"2005",0,12647,NA,NA,NA,NA,NA,NA,NA,NA,NA,NA,NA,NA
"57","RCO",35305.3240509728,25829.8646699048,39786.9547152142,48914.0403738518,5161.352,0,0.213888888888889,"2003",0,NA,NA,NA,NA,NA,NA,NA,NA,NA,NA,NA,NA,NA
"58","RCO",35305.3240509728,25829.8646699048,39786.9547152142,48914.0403738518,5161.352,0,0.253489583333333,"2004",0,12518,NA,NA,NA,NA,NA,NA,NA,NA,NA,NA,NA,NA
"59","RCO",35305.3240509728,25829.8646699048,39786.9547152142,48914.0403738518,5161.352,0,0.195520833333333,"2005",0,12647,NA,NA,NA,NA,NA,NA,NA,NA,NA,NA,NA,NA
"60","M12",33591.3561179688,24584.0846359102,38686.9480451806,47834.8959473604,6872.343,0,0.190729166666667,"2007",0,13233,NA,NA,NA,NA,NA,NA,NA,NA,NA,NA,NA,NA
"61","M2",35250.9072610082,25953.7087142782,39935.0883824051,49065.6350691072,5232.743,0,0.190729166666667,"2007",0,13233,NA,NA,NA,NA,NA,NA,NA,NA,NA,NA,NA,NA
"62","RAP",35134.0880670639,25803.6191830836,39787.5877621464,48918.6972759373,5340.872,0,0.190729166666667,"2007",0,13233,NA,NA,NA,NA,NA,NA,NA,NA,NA,NA,NA,NA
"63","RCO",35305.3240509728,25829.8646699048,39786.9547152142,48914.0403738518,5161.352,0,0.190729166666667,"2007",0,13233,NA,NA,NA,NA,NA,NA,NA,NA,NA,NA,NA,NA
"64","M5",33941.9830761875,24698.2645427892,38758.1266695193,47900.7831866536,6519.77,0,0.190729166666667,"2007",0,13233,NA,NA,NA,NA,NA,NA,NA,NA,NA,NA,NA,NA
"65","ARN",30428.7142739255,13869.2749379916,2266.66605623771,9948.50364903185,25332.565,0,0.213403141361257,"2008",0,13147,91.4,77,17.8,57.3,0.706,0.592,0.103,0.688,90.694,76.408,17.697,56.612
"66","ARN",30428.7142739255,13869.2749379916,2266.66605623771,9948.50364903185,25332.565,0,0.209689119170984,"2009",0,12885,35.6,52.4,26.4,143,1.19,0.76,0.095,0.737,34.41,51.64,26.305,142.263
"67","BAT",20591.8953470582,20728.8132006056,17671.4322433271,20402.0152096503,10689.48,0,0.213403141361257,"2008",0,13147,91.4,77,17.8,57.3,0.706,0.592,0.103,0.688,90.694,76.408,17.697,56.612
"68","BAT",20591.8953470582,20728.8132006056,17671.4322433271,20402.0152096503,10689.48,0,0.209689119170984,"2009",0,12885,35.6,52.4,26.4,143,1.19,0.76,0.095,0.737,34.41,51.64,26.305,142.263
"69","BCI",13614.4365716764,15252.8150983876,19186.3848092991,25216.3342469678,10988.875,0,0.213403141361257,"2008",0,13147,91.4,77,17.8,57.3,0.706,0.592,0.103,0.688,90.694,76.408,17.697,56.612
"70","BCI",13614.4365716764,15252.8150983876,19186.3848092991,25216.3342469678,10988.875,0,0.209689119170984,"2009",0,12885,35.6,52.4,26.4,143,1.19,0.76,0.095,0.737,34.41,51.64,26.305,142.263
"71","DC1",19028.3808434717,16678.663815354,30779.6562958475,39640.837798094,21509.056,0,0.213403141361257,"2008",0,13147,91.4,77,17.8,57.3,0.706,0.592,0.103,0.688,90.694,76.408,17.697,56.612
"72","DC1",19028.3808434717,16678.663815354,30779.6562958475,39640.837798094,21509.056,0,0.209689119170984,"2009",0,12885,35.6,52.4,26.4,143,1.19,0.76,0.095,0.737,34.41,51.64,26.305,142.263
"73","ESC",23426.0581320076,18807.0372303987,13702.138906408,16418.2431695599,14719.139,0,0.213403141361257,"2008",0,13147,91.4,77,17.8,57.3,0.706,0.592,0.103,0.688,90.694,76.408,17.697,56.612
"74","ESC",23426.0581320076,18807.0372303987,13702.138906408,16418.2431695599,14719.139,0,0.209689119170984,"2009",0,12885,35.6,52.4,26.4,143,1.19,0.76,0.095,0.737,34.41,51.64,26.305,142.263
"75","HUM",35937.6716455615,23842.6369092347,10413.3794279523,4785.59435961722,27124.664,0,0.213403141361257,"2008",0,13147,91.4,77,17.8,57.3,0.706,0.592,0.103,0.688,90.694,76.408,17.697,56.612
"76","HUM",35937.6716455615,23842.6369092347,10413.3794279523,4785.59435961722,27124.664,0,0.209689119170984,"2009",0,12885,35.6,52.4,26.4,143,1.19,0.76,0.095,0.737,34.41,51.64,26.305,142.263
"77","LAT",24343.6003652747,358.105997715729,14859.7180488225,23984.9251634188,26352.156,0,0.213403141361257,"2008",0,13147,91.4,77,17.8,57.3,0.706,0.592,0.103,0.688,90.694,76.408,17.697,56.612
"78","LAT",24343.6003652747,358.105997715729,14859.7180488225,23984.9251634188,26352.156,0,0.209689119170984,"2009",0,12885,35.6,52.4,26.4,143,1.19,0.76,0.095,0.737,34.41,51.64,26.305,142.263
"79","MLR",7910.90187426184,23246.4106456374,27738.1044379479,32828.5702651639,5954.871,0,0.213403141361257,"2008",0,13147,91.4,77,17.8,57.3,0.706,0.592,0.103,0.688,90.694,76.408,17.697,56.612
"80","MLR",7910.90187426184,23246.4106456374,27738.1044379479,32828.5702651639,5954.871,0,0.209689119170984,"2009",0,12885,35.6,52.4,26.4,143,1.19,0.76,0.095,0.737,34.41,51.64,26.305,142.263
"81","RAI",28922.5675863019,18315.8697676524,8411.76233678177,10127.8592118374,21113.423,0,0.213403141361257,"2008",0,13147,91.4,77,17.8,57.3,0.706,0.592,0.103,0.688,90.694,76.408,17.697,56.612
"82","RAI",28922.5675863019,18315.8697676524,8411.76233678177,10127.8592118374,21113.423,0,0.209689119170984,"2009",0,12885,35.6,52.4,26.4,143,1.19,0.76,0.095,0.737,34.41,51.64,26.305,142.263
"83","TAR",24563.7642682102,534.599126074885,13972.7180001065,23094.2257097916,26097.38,0,0.213403141361257,"2008",0,13147,91.4,77,17.8,57.3,0.706,0.592,0.103,0.688,90.694,76.408,17.697,56.612
"84","TAR",24563.7642682102,534.599126074885,13972.7180001065,23094.2257097916,26097.38,0,0.209689119170984,"2009",0,12885,35.6,52.4,26.4,143,1.19,0.76,0.095,0.737,34.41,51.64,26.305,142.263
"85","TMR",31742.9503478206,22590.9018621568,36780.0814274588,45937.8004285664,8771.424,0,0.213403141361257,"2008",0,13147,91.4,77,17.8,57.3,0.706,0.592,0.103,0.688,90.694,76.408,17.697,56.612
"86","TMR",31742.9503478206,22590.9018621568,36780.0814274588,45937.8004285664,8771.424,0,0.209689119170984,"2009",0,12885,35.6,52.4,26.4,143,1.19,0.76,0.095,0.737,34.41,51.64,26.305,142.263
"87","M12",33591.3561179688,24584.0846359102,38686.9480451806,47834.8959473604,6872.343,0,0.213403141361257,"2008",0,13147,91.4,77,17.8,57.3,0.706,0.592,0.103,0.688,90.694,76.408,17.697,56.612
"88","M12",33591.3561179688,24584.0846359102,38686.9480451806,47834.8959473604,6872.343,0,0.209689119170984,"2009",0,12885,35.6,52.4,26.4,143,1.19,0.76,0.095,0.737,34.41,51.64,26.305,142.263
"89","M2",35250.9072610082,25953.7087142782,39935.0883824051,49065.6350691072,5232.743,0,0.213403141361257,"2008",0,13147,91.4,77,17.8,57.3,0.706,0.592,0.103,0.688,90.694,76.408,17.697,56.612
"90","M2",35250.9072610082,25953.7087142782,39935.0883824051,49065.6350691072,5232.743,0,0.209689119170984,"2009",0,12885,35.6,52.4,26.4,143,1.19,0.76,0.095,0.737,34.41,51.64,26.305,142.263
"91","M5",33941.9830761875,24698.2645427892,38758.1266695193,47900.7831866536,6519.77,0,0.213403141361257,"2008",0,13147,91.4,77,17.8,57.3,0.706,0.592,0.103,0.688,90.694,76.408,17.697,56.612
"92","M5",33941.9830761875,24698.2645427892,38758.1266695193,47900.7831866536,6519.77,0,0.209689119170984,"2009",0,12885,35.6,52.4,26.4,143,1.19,0.76,0.095,0.737,34.41,51.64,26.305,142.263
"93","RAP",35134.0880670639,25803.6191830836,39787.5877621464,48918.6972759373,5340.872,0,0.213403141361257,"2008",0,13147,91.4,77,17.8,57.3,0.706,0.592,0.103,0.688,90.694,76.408,17.697,56.612
"94","RAP",35134.0880670639,25803.6191830836,39787.5877621464,48918.6972759373,5340.872,0,0.209689119170984,"2009",0,12885,35.6,52.4,26.4,143,1.19,0.76,0.095,0.737,34.41,51.64,26.305,142.263
"95","RCO",35305.3240509728,25829.8646699048,39786.9547152142,48914.0403738518,5161.352,0,0.213403141361257,"2008",0,13147,91.4,77,17.8,57.3,0.706,0.592,0.103,0.688,90.694,76.408,17.697,56.612
"96","RCO",35305.3240509728,25829.8646699048,39786.9547152142,48914.0403738518,5161.352,0,0.209689119170984,"2009",0,12885,35.6,52.4,26.4,143,1.19,0.76,0.095,0.737,34.41,51.64,26.305,142.263
"97","ARN",30428.7142739255,13869.2749379916,2266.66605623771,9948.50364903185,25332.565,0,0.188465909090909,"2010",0,12591,144,102,28.6,288,0.978,0.618,0.076,0.787,143.022,101.382,28.524,287.213
"98","BAT",20591.8953470582,20728.8132006056,17671.4322433271,20402.0152096503,10689.48,0,0.188465909090909,"2010",0,12591,144,102,28.6,288,0.978,0.618,0.076,0.787,143.022,101.382,28.524,287.213
"99","HUM",35937.6716455615,23842.6369092347,10413.3794279523,4785.59435961722,27124.664,0,0.188465909090909,"2010",0,12591,144,102,28.6,288,0.978,0.618,0.076,0.787,143.022,101.382,28.524,287.213
"100","MLR",7910.90187426184,23246.4106456374,27738.1044379479,32828.5702651639,5954.871,0,0.188465909090909,"2010",0,12591,144,102,28.6,288,0.978,0.618,0.076,0.787,143.022,101.382,28.524,287.213
"101","RAI",28922.5675863019,18315.8697676524,8411.76233678177,10127.8592118374,21113.423,0,0.188465909090909,"2010",0,12591,144,102,28.6,288,0.978,0.618,0.076,0.787,143.022,101.382,28.524,287.213
"102","BCI",13614.4365716764,15252.8150983876,19186.3848092991,25216.3342469678,10988.875,0,0.188465909090909,"2010",0,12591,144,102,28.6,288,0.978,0.618,0.076,0.787,143.022,101.382,28.524,287.213
"103","DC1",19028.3808434717,16678.663815354,30779.6562958475,39640.837798094,21509.056,0,0.188465909090909,"2010",0,12591,144,102,28.6,288,0.978,0.618,0.076,0.787,143.022,101.382,28.524,287.213
"104","ESC",23426.0581320076,18807.0372303987,13702.138906408,16418.2431695599,14719.139,0,0.188465909090909,"2010",0,12591,144,102,28.6,288,0.978,0.618,0.076,0.787,143.022,101.382,28.524,287.213
"105","LAT",24343.6003652747,358.105997715729,14859.7180488225,23984.9251634188,26352.156,0,0.188465909090909,"2010",0,12591,144,102,28.6,288,0.978,0.618,0.076,0.787,143.022,101.382,28.524,287.213
"106","TMR",31742.9503478206,22590.9018621568,36780.0814274588,45937.8004285664,8771.424,0,0.188465909090909,"2010",0,12591,144,102,28.6,288,0.978,0.618,0.076,0.787,143.022,101.382,28.524,287.213
"107","M12",33591.3561179688,24584.0846359102,38686.9480451806,47834.8959473604,6872.343,0,0.188465909090909,"2010",0,12591,144,102,28.6,288,0.978,0.618,0.076,0.787,143.022,101.382,28.524,287.213
"108","M2",35250.9072610082,25953.7087142782,39935.0883824051,49065.6350691072,5232.743,0,0.188465909090909,"2010",0,12591,144,102,28.6,288,0.978,0.618,0.076,0.787,143.022,101.382,28.524,287.213
"109","M5",33941.9830761875,24698.2645427892,38758.1266695193,47900.7831866536,6519.77,0,0.188465909090909,"2010",0,12591,144,102,28.6,288,0.978,0.618,0.076,0.787,143.022,101.382,28.524,287.213
"110","RAP",35134.0880670639,25803.6191830836,39787.5877621464,48918.6972759373,5340.872,0,0.188465909090909,"2010",0,12591,144,102,28.6,288,0.978,0.618,0.076,0.787,143.022,101.382,28.524,287.213
"111","RCO",35305.3240509728,25829.8646699048,39786.9547152142,48914.0403738518,5161.352,0,0.188465909090909,"2010",0,12591,144,102,28.6,288,0.978,0.618,0.076,0.787,143.022,101.382,28.524,287.213
"112","ARN",30428.7142739255,13869.2749379916,2266.66605623771,9948.50364903185,25332.565,0,0.191666666666667,"2012",0,12862,340.9,255,33.5,85.6,1.38,1.01,0.216,1.03,339.52,253.99,33.284,84.57
"113","BAT",20591.8953470582,20728.8132006056,17671.4322433271,20402.0152096503,10689.48,0,0.191666666666667,"2012",0,12862,340.9,255,33.5,85.6,1.38,1.01,0.216,1.03,339.52,253.99,33.284,84.57
"114","BCI",13614.4365716764,15252.8150983876,19186.3848092991,25216.3342469678,10988.875,0,0.191666666666667,"2012",0,12862,340.9,255,33.5,85.6,1.38,1.01,0.216,1.03,339.52,253.99,33.284,84.57
"115","DC1",19028.3808434717,16678.663815354,30779.6562958475,39640.837798094,21509.056,0,0.191666666666667,"2012",0,12862,340.9,255,33.5,85.6,1.38,1.01,0.216,1.03,339.52,253.99,33.284,84.57
"116","ESC",23426.0581320076,18807.0372303987,13702.138906408,16418.2431695599,14719.139,0,0.191666666666667,"2012",0,12862,340.9,255,33.5,85.6,1.38,1.01,0.216,1.03,339.52,253.99,33.284,84.57
"117","HUM",35937.6716455615,23842.6369092347,10413.3794279523,4785.59435961722,27124.664,0,0.191666666666667,"2012",0,12862,340.9,255,33.5,85.6,1.38,1.01,0.216,1.03,339.52,253.99,33.284,84.57
"118","LAT",24343.6003652747,358.105997715729,14859.7180488225,23984.9251634188,26352.156,0,0.191666666666667,"2012",0,12862,340.9,255,33.5,85.6,1.38,1.01,0.216,1.03,339.52,253.99,33.284,84.57
"119","MLR",7910.90187426184,23246.4106456374,27738.1044379479,32828.5702651639,5954.871,0,0.191666666666667,"2012",0,12862,340.9,255,33.5,85.6,1.38,1.01,0.216,1.03,339.52,253.99,33.284,84.57
"120","RAI",28922.5675863019,18315.8697676524,8411.76233678177,10127.8592118374,21113.423,0,0.191666666666667,"2012",0,12862,340.9,255,33.5,85.6,1.38,1.01,0.216,1.03,339.52,253.99,33.284,84.57
"121","TAR",24563.7642682102,534.599126074885,13972.7180001065,23094.2257097916,26097.38,0,0.191666666666667,"2012",0,12862,340.9,255,33.5,85.6,1.38,1.01,0.216,1.03,339.52,253.99,33.284,84.57
"122","TME",24216.5906242848,894.404151153207,13778.891177105,22874.8573122282,25613.735,0,0.191666666666667,"2012",0,12862,340.9,255,33.5,85.6,1.38,1.01,0.216,1.03,339.52,253.99,33.284,84.57
"123","TMR",31742.9503478206,22590.9018621568,36780.0814274588,45937.8004285664,8771.424,0,0.191666666666667,"2012",0,12862,340.9,255,33.5,85.6,1.38,1.01,0.216,1.03,339.52,253.99,33.284,84.57
"124","M2",35250.9072610082,25953.7087142782,39935.0883824051,49065.6350691072,5232.743,0,0.191666666666667,"2012",0,12862,340.9,255,33.5,85.6,1.38,1.01,0.216,1.03,339.52,253.99,33.284,84.57
"125","M5",33941.9830761875,24698.2645427892,38758.1266695193,47900.7831866536,6519.77,0,0.191666666666667,"2012",0,12862,340.9,255,33.5,85.6,1.38,1.01,0.216,1.03,339.52,253.99,33.284,84.57
"126","M12",33591.3561179688,24584.0846359102,38686.9480451806,47834.8959473604,6872.343,0,0.191666666666667,"2012",0,12862,340.9,255,33.5,85.6,1.38,1.01,0.216,1.03,339.52,253.99,33.284,84.57
"127","RAP",35134.0880670639,25803.6191830836,39787.5877621464,48918.6972759373,5340.872,0,0.191666666666667,"2012",0,12862,340.9,255,33.5,85.6,1.38,1.01,0.216,1.03,339.52,253.99,33.284,84.57
"128","RCO",35305.3240509728,25829.8646699048,39786.9547152142,48914.0403738518,5161.352,0,0.191666666666667,"2012",0,12862,340.9,255,33.5,85.6,1.38,1.01,0.216,1.03,339.52,253.99,33.284,84.57
"129","ARN",30428.7142739255,13869.2749379916,2266.66605623771,9948.50364903185,25332.565,0,0.193497536945813,"2013",0,12233.4715263022,78.1,74.7,23.3,51.2,1.18,0.81,0.18,0.744,76.92,73.89,23.12,50.456
"130","BAT",20591.8953470582,20728.8132006056,17671.4322433271,20402.0152096503,10689.48,0,0.193497536945813,"2013",0,12233.4715263022,78.1,74.7,23.3,51.2,1.18,0.81,0.18,0.744,76.92,73.89,23.12,50.456
"131","BCI",13614.4365716764,15252.8150983876,19186.3848092991,25216.3342469678,10988.875,0,0.193497536945813,"2013",0,12233.4715263022,78.1,74.7,23.3,51.2,1.18,0.81,0.18,0.744,76.92,73.89,23.12,50.456
"132","DC1",19028.3808434717,16678.663815354,30779.6562958475,39640.837798094,21509.056,0,0.193497536945813,"2013",0,12233.4715263022,78.1,74.7,23.3,51.2,1.18,0.81,0.18,0.744,76.92,73.89,23.12,50.456
"133","ESC",23426.0581320076,18807.0372303987,13702.138906408,16418.2431695599,14719.139,0,0.193497536945813,"2013",0,12233.4715263022,78.1,74.7,23.3,51.2,1.18,0.81,0.18,0.744,76.92,73.89,23.12,50.456
"134","HUM",35937.6716455615,23842.6369092347,10413.3794279523,4785.59435961722,27124.664,0,0.193497536945813,"2013",0,12233.4715263022,78.1,74.7,23.3,51.2,1.18,0.81,0.18,0.744,76.92,73.89,23.12,50.456
"135","LAT",24343.6003652747,358.105997715729,14859.7180488225,23984.9251634188,26352.156,0,0.193497536945813,"2013",0,12233.4715263022,78.1,74.7,23.3,51.2,1.18,0.81,0.18,0.744,76.92,73.89,23.12,50.456
"136","MLR",7910.90187426184,23246.4106456374,27738.1044379479,32828.5702651639,5954.871,0,0.193497536945813,"2013",0,12233.4715263022,78.1,74.7,23.3,51.2,1.18,0.81,0.18,0.744,76.92,73.89,23.12,50.456
"137","RAI",28922.5675863019,18315.8697676524,8411.76233678177,10127.8592118374,21113.423,0,0.193497536945813,"2013",0,12233.4715263022,78.1,74.7,23.3,51.2,1.18,0.81,0.18,0.744,76.92,73.89,23.12,50.456
"138","TME",24216.5906242848,894.404151153207,13778.891177105,22874.8573122282,25613.735,0,0.193497536945813,"2013",0,12233.4715263022,78.1,74.7,23.3,51.2,1.18,0.81,0.18,0.744,76.92,73.89,23.12,50.456
"139","TMH",9743.71597206114,24421.3624924082,27847.154645502,32402.0103248981,3912.728,0,0.193497536945813,"2013",0,12233.4715263022,78.1,74.7,23.3,51.2,1.18,0.81,0.18,0.744,76.92,73.89,23.12,50.456
"140","TMR",31742.9503478206,22590.9018621568,36780.0814274588,45937.8004285664,8771.424,0,0.193497536945813,"2013",0,12233.4715263022,78.1,74.7,23.3,51.2,1.18,0.81,0.18,0.744,76.92,73.89,23.12,50.456
"141","M2",35250.9072610082,25953.7087142782,39935.0883824051,49065.6350691072,5232.743,0,0.193497536945813,"2013",0,12233.4715263022,78.1,74.7,23.3,51.2,1.18,0.81,0.18,0.744,76.92,73.89,23.12,50.456
"142","M5",33941.9830761875,24698.2645427892,38758.1266695193,47900.7831866536,6519.77,0,0.193497536945813,"2013",0,12233.4715263022,78.1,74.7,23.3,51.2,1.18,0.81,0.18,0.744,76.92,73.89,23.12,50.456
"143","M12",33591.3561179688,24584.0846359102,38686.9480451806,47834.8959473604,6872.343,0,0.193497536945813,"2013",0,12233.4715263022,78.1,74.7,23.3,51.2,1.18,0.81,0.18,0.744,76.92,73.89,23.12,50.456
"144","RAP",35134.0880670639,25803.6191830836,39787.5877621464,48918.6972759373,5340.872,0,0.193497536945813,"2013",0,12233.4715263022,78.1,74.7,23.3,51.2,1.18,0.81,0.18,0.744,76.92,73.89,23.12,50.456
"145","RCO",35305.3240509728,25829.8646699048,39786.9547152142,48914.0403738518,5161.352,0,0.193497536945813,"2013",0,12233.4715263022,78.1,74.7,23.3,51.2,1.18,0.81,0.18,0.744,76.92,73.89,23.12,50.456
"146","ARN",30428.7142739255,13869.2749379916,2266.66605623771,9948.50364903185,25332.565,0,0.256127450980392,"2014",0,12070.9627167935,39.5,44.9,18.5,56.9,0.691,0.486,0.151,0.68,38.809,44.414,18.349,56.22
"147","BAT",20591.8953470582,20728.8132006056,17671.4322433271,20402.0152096503,10689.48,0,0.256127450980392,"2014",0,12070.9627167935,39.5,44.9,18.5,56.9,0.691,0.486,0.151,0.68,38.809,44.414,18.349,56.22
"148","BCI",13614.4365716764,15252.8150983876,19186.3848092991,25216.3342469678,10988.875,0,0.256127450980392,"2014",0,12070.9627167935,39.5,44.9,18.5,56.9,0.691,0.486,0.151,0.68,38.809,44.414,18.349,56.22
"149","DC1",19028.3808434717,16678.663815354,30779.6562958475,39640.837798094,21509.056,0,0.256127450980392,"2014",0,12070.9627167935,39.5,44.9,18.5,56.9,0.691,0.486,0.151,0.68,38.809,44.414,18.349,56.22
"150","ESC",23426.0581320076,18807.0372303987,13702.138906408,16418.2431695599,14719.139,0,0.256127450980392,"2014",0,12070.9627167935,39.5,44.9,18.5,56.9,0.691,0.486,0.151,0.68,38.809,44.414,18.349,56.22
"151","HUM",35937.6716455615,23842.6369092347,10413.3794279523,4785.59435961722,27124.664,0,0.256127450980392,"2014",0,12070.9627167935,39.5,44.9,18.5,56.9,0.691,0.486,0.151,0.68,38.809,44.414,18.349,56.22
"152","LAT",24343.6003652747,358.105997715729,14859.7180488225,23984.9251634188,26352.156,0,0.256127450980392,"2014",0,12070.9627167935,39.5,44.9,18.5,56.9,0.691,0.486,0.151,0.68,38.809,44.414,18.349,56.22
"153","MLR",7910.90187426184,23246.4106456374,27738.1044379479,32828.5702651639,5954.871,0,0.256127450980392,"2014",0,12070.9627167935,39.5,44.9,18.5,56.9,0.691,0.486,0.151,0.68,38.809,44.414,18.349,56.22
"154","RAI",28922.5675863019,18315.8697676524,8411.76233678177,10127.8592118374,21113.423,0,0.256127450980392,"2014",0,12070.9627167935,39.5,44.9,18.5,56.9,0.691,0.486,0.151,0.68,38.809,44.414,18.349,56.22
"155","TME",24216.5906242848,894.404151153207,13778.891177105,22874.8573122282,25613.735,0,0.256127450980392,"2014",0,12070.9627167935,39.5,44.9,18.5,56.9,0.691,0.486,0.151,0.68,38.809,44.414,18.349,56.22
"156","TMH",9743.71597206114,24421.3624924082,27847.154645502,32402.0103248981,3912.728,0,0.256127450980392,"2014",0,12070.9627167935,39.5,44.9,18.5,56.9,0.691,0.486,0.151,0.68,38.809,44.414,18.349,56.22
"157","TMR",31742.9503478206,22590.9018621568,36780.0814274588,45937.8004285664,8771.424,0,0.256127450980392,"2014",0,12070.9627167935,39.5,44.9,18.5,56.9,0.691,0.486,0.151,0.68,38.809,44.414,18.349,56.22
"158","M2",35250.9072610082,25953.7087142782,39935.0883824051,49065.6350691072,5232.743,0,0.256127450980392,"2014",0,12070.9627167935,39.5,44.9,18.5,56.9,0.691,0.486,0.151,0.68,38.809,44.414,18.349,56.22
"159","M5",33941.9830761875,24698.2645427892,38758.1266695193,47900.7831866536,6519.77,0,0.256127450980392,"2014",0,12070.9627167935,39.5,44.9,18.5,56.9,0.691,0.486,0.151,0.68,38.809,44.414,18.349,56.22
"160","M12",33591.3561179688,24584.0846359102,38686.9480451806,47834.8959473604,6872.343,0,0.256127450980392,"2014",0,12070.9627167935,39.5,44.9,18.5,56.9,0.691,0.486,0.151,0.68,38.809,44.414,18.349,56.22
"161","RAP",35134.0880670639,25803.6191830836,39787.5877621464,48918.6972759373,5340.872,0,0.256127450980392,"2014",0,12070.9627167935,39.5,44.9,18.5,56.9,0.691,0.486,0.151,0.68,38.809,44.414,18.349,56.22
"162","RCO",35305.3240509728,25829.8646699048,39786.9547152142,48914.0403738518,5161.352,0,0.256127450980392,"2014",0,12070.9627167935,39.5,44.9,18.5,56.9,0.691,0.486,0.151,0.68,38.809,44.414,18.349,56.22
"163","ARN",30428.7142739255,13869.2749379916,2266.66605623771,9948.50364903185,25332.565,0,0.289271844660194,"2015",0,12427.7558013572,39,37.5,14.1,84.1,0.807,0.542,0.066,0.735,38.193,36.958,14.034,83.365
"164","BAT",20591.8953470582,20728.8132006056,17671.4322433271,20402.0152096503,10689.48,0,0.289271844660194,"2015",0,12427.7558013572,39,37.5,14.1,84.1,0.807,0.542,0.066,0.735,38.193,36.958,14.034,83.365
"165","BCI",13614.4365716764,15252.8150983876,19186.3848092991,25216.3342469678,10988.875,0,0.289271844660194,"2015",0,12427.7558013572,39,37.5,14.1,84.1,0.807,0.542,0.066,0.735,38.193,36.958,14.034,83.365
"166","DC1",19028.3808434717,16678.663815354,30779.6562958475,39640.837798094,21509.056,0,0.289271844660194,"2015",0,12427.7558013572,39,37.5,14.1,84.1,0.807,0.542,0.066,0.735,38.193,36.958,14.034,83.365
"167","ESC",23426.0581320076,18807.0372303987,13702.138906408,16418.2431695599,14719.139,0,0.289271844660194,"2015",0,12427.7558013572,39,37.5,14.1,84.1,0.807,0.542,0.066,0.735,38.193,36.958,14.034,83.365
"168","HUM",35937.6716455615,23842.6369092347,10413.3794279523,4785.59435961722,27124.664,0,0.289271844660194,"2015",0,12427.7558013572,39,37.5,14.1,84.1,0.807,0.542,0.066,0.735,38.193,36.958,14.034,83.365
"169","LAT",24343.6003652747,358.105997715729,14859.7180488225,23984.9251634188,26352.156,0,0.289271844660194,"2015",0,12427.7558013572,39,37.5,14.1,84.1,0.807,0.542,0.066,0.735,38.193,36.958,14.034,83.365
"170","MLR",7910.90187426184,23246.4106456374,27738.1044379479,32828.5702651639,5954.871,0,0.289271844660194,"2015",0,12427.7558013572,39,37.5,14.1,84.1,0.807,0.542,0.066,0.735,38.193,36.958,14.034,83.365
"171","RAI",28922.5675863019,18315.8697676524,8411.76233678177,10127.8592118374,21113.423,0,0.289271844660194,"2015",0,12427.7558013572,39,37.5,14.1,84.1,0.807,0.542,0.066,0.735,38.193,36.958,14.034,83.365
"172","TME",24216.5906242848,894.404151153207,13778.891177105,22874.8573122282,25613.735,0,0.289271844660194,"2015",0,12427.7558013572,39,37.5,14.1,84.1,0.807,0.542,0.066,0.735,38.193,36.958,14.034,83.365
"173","TMH",9743.71597206114,24421.3624924082,27847.154645502,32402.0103248981,3912.728,0,0.289271844660194,"2015",0,12427.7558013572,39,37.5,14.1,84.1,0.807,0.542,0.066,0.735,38.193,36.958,14.034,83.365
"174","TMR",31742.9503478206,22590.9018621568,36780.0814274588,45937.8004285664,8771.424,0,0.289271844660194,"2015",0,12427.7558013572,39,37.5,14.1,84.1,0.807,0.542,0.066,0.735,38.193,36.958,14.034,83.365
"175","M2",35250.9072610082,25953.7087142782,39935.0883824051,49065.6350691072,5232.743,0,0.289271844660194,"2015",0,12427.7558013572,39,37.5,14.1,84.1,0.807,0.542,0.066,0.735,38.193,36.958,14.034,83.365
"176","M5",33941.9830761875,24698.2645427892,38758.1266695193,47900.7831866536,6519.77,0,0.289271844660194,"2015",0,12427.7558013572,39,37.5,14.1,84.1,0.807,0.542,0.066,0.735,38.193,36.958,14.034,83.365
"177","M12",33591.3561179688,24584.0846359102,38686.9480451806,47834.8959473604,6872.343,0,0.289271844660194,"2015",0,12427.7558013572,39,37.5,14.1,84.1,0.807,0.542,0.066,0.735,38.193,36.958,14.034,83.365
"178","RAP",35134.0880670639,25803.6191830836,39787.5877621464,48918.6972759373,5340.872,0,0.289271844660194,"2015",0,12427.7558013572,39,37.5,14.1,84.1,0.807,0.542,0.066,0.735,38.193,36.958,14.034,83.365
"179","RCO",35305.3240509728,25829.8646699048,39786.9547152142,48914.0403738518,5161.352,0,0.289271844660194,"2015",0,12427.7558013572,39,37.5,14.1,84.1,0.807,0.542,0.066,0.735,38.193,36.958,14.034,83.365
"180","ARN",30428.7142739255,13869.2749379916,2266.66605623771,9948.50364903185,25332.565,0,0.339019607843137,"2016",13,11688,108,73.9,38.2,247,0.367,0.244,0.082,0.251,107.633,73.656,38.118,246.749
"181","ARN",30428.7142739255,13869.2749379916,2266.66605623771,9948.50364903185,25332.565,1,0.339019607843137,"2016",13,11688,108,73.9,38.2,247,0.367,0.244,0.082,0.251,107.633,73.656,38.118,246.749
"182","BAT",20591.8953470582,20728.8132006056,17671.4322433271,20402.0152096503,10689.48,0,0.339019607843137,"2016",13,11688,108,73.9,38.2,247,0.367,0.244,0.082,0.251,107.633,73.656,38.118,246.749
"183","BAT",20591.8953470582,20728.8132006056,17671.4322433271,20402.0152096503,10689.48,1,0.339019607843137,"2016",13,11688,108,73.9,38.2,247,0.367,0.244,0.082,0.251,107.633,73.656,38.118,246.749
"184","BCI",13614.4365716764,15252.8150983876,19186.3848092991,25216.3342469678,10988.875,0,0.339019607843137,"2016",13,11688,108,73.9,38.2,247,0.367,0.244,0.082,0.251,107.633,73.656,38.118,246.749
"185","BCI",13614.4365716764,15252.8150983876,19186.3848092991,25216.3342469678,10988.875,1,0.339019607843137,"2016",13,11688,108,73.9,38.2,247,0.367,0.244,0.082,0.251,107.633,73.656,38.118,246.749
"186","DC1",19028.3808434717,16678.663815354,30779.6562958475,39640.837798094,21509.056,0,0.339019607843137,"2016",13,11688,108,73.9,38.2,247,0.367,0.244,0.082,0.251,107.633,73.656,38.118,246.749
"187","DC1",19028.3808434717,16678.663815354,30779.6562958475,39640.837798094,21509.056,1,0.339019607843137,"2016",13,11688,108,73.9,38.2,247,0.367,0.244,0.082,0.251,107.633,73.656,38.118,246.749
"188","ESC",23426.0581320076,18807.0372303987,13702.138906408,16418.2431695599,14719.139,0,0.339019607843137,"2016",13,11688,108,73.9,38.2,247,0.367,0.244,0.082,0.251,107.633,73.656,38.118,246.749
"189","ESC",23426.0581320076,18807.0372303987,13702.138906408,16418.2431695599,14719.139,1,0.339019607843137,"2016",13,11688,108,73.9,38.2,247,0.367,0.244,0.082,0.251,107.633,73.656,38.118,246.749
"190","HUM",35937.6716455615,23842.6369092347,10413.3794279523,4785.59435961722,27124.664,0,0.339019607843137,"2016",13,11688,108,73.9,38.2,247,0.367,0.244,0.082,0.251,107.633,73.656,38.118,246.749
"191","HUM",35937.6716455615,23842.6369092347,10413.3794279523,4785.59435961722,27124.664,1,0.339019607843137,"2016",13,11688,108,73.9,38.2,247,0.367,0.244,0.082,0.251,107.633,73.656,38.118,246.749
"192","LAT",24343.6003652747,358.105997715729,14859.7180488225,23984.9251634188,26352.156,0,0.339019607843137,"2016",13,11688,108,73.9,38.2,247,0.367,0.244,0.082,0.251,107.633,73.656,38.118,246.749
"193","LAT",24343.6003652747,358.105997715729,14859.7180488225,23984.9251634188,26352.156,1,0.339019607843137,"2016",13,11688,108,73.9,38.2,247,0.367,0.244,0.082,0.251,107.633,73.656,38.118,246.749
"194","MLR",7910.90187426184,23246.4106456374,27738.1044379479,32828.5702651639,5954.871,0,0.339019607843137,"2016",13,11688,108,73.9,38.2,247,0.367,0.244,0.082,0.251,107.633,73.656,38.118,246.749
"195","MLR",7910.90187426184,23246.4106456374,27738.1044379479,32828.5702651639,5954.871,1,0.339019607843137,"2016",13,11688,108,73.9,38.2,247,0.367,0.244,0.082,0.251,107.633,73.656,38.118,246.749
"196","RAI",28922.5675863019,18315.8697676524,8411.76233678177,10127.8592118374,21113.423,0,0.339019607843137,"2016",13,11688,108,73.9,38.2,247,0.367,0.244,0.082,0.251,107.633,73.656,38.118,246.749
"197","RAI",28922.5675863019,18315.8697676524,8411.76233678177,10127.8592118374,21113.423,1,0.339019607843137,"2016",13,11688,108,73.9,38.2,247,0.367,0.244,0.082,0.251,107.633,73.656,38.118,246.749
"198","TME",24216.5906242848,894.404151153207,13778.891177105,22874.8573122282,25613.735,0,0.339019607843137,"2016",13,11688,108,73.9,38.2,247,0.367,0.244,0.082,0.251,107.633,73.656,38.118,246.749
"199","TME",24216.5906242848,894.404151153207,13778.891177105,22874.8573122282,25613.735,1,0.339019607843137,"2016",13,11688,108,73.9,38.2,247,0.367,0.244,0.082,0.251,107.633,73.656,38.118,246.749
"200","TMH",9743.71597206114,24421.3624924082,27847.154645502,32402.0103248981,3912.728,0,0.339019607843137,"2016",13,11688,108,73.9,38.2,247,0.367,0.244,0.082,0.251,107.633,73.656,38.118,246.749
"201","TMH",9743.71597206114,24421.3624924082,27847.154645502,32402.0103248981,3912.728,1,0.339019607843137,"2016",13,11688,108,73.9,38.2,247,0.367,0.244,0.082,0.251,107.633,73.656,38.118,246.749
"202","TMR",31742.9503478206,22590.9018621568,36780.0814274588,45937.8004285664,8771.424,0,0.339019607843137,"2016",13,11688,108,73.9,38.2,247,0.367,0.244,0.082,0.251,107.633,73.656,38.118,246.749
"203","TMR",31742.9503478206,22590.9018621568,36780.0814274588,45937.8004285664,8771.424,1,0.339019607843137,"2016",13,11688,108,73.9,38.2,247,0.367,0.244,0.082,0.251,107.633,73.656,38.118,246.749
"204","M2",35250.9072610082,25953.7087142782,39935.0883824051,49065.6350691072,5232.743,0,0.339019607843137,"2016",13,11688,108,73.9,38.2,247,0.367,0.244,0.082,0.251,107.633,73.656,38.118,246.749
"205","M2",35250.9072610082,25953.7087142782,39935.0883824051,49065.6350691072,5232.743,1,0.339019607843137,"2016",13,11688,108,73.9,38.2,247,0.367,0.244,0.082,0.251,107.633,73.656,38.118,246.749
"206","M5",33941.9830761875,24698.2645427892,38758.1266695193,47900.7831866536,6519.77,0,0.339019607843137,"2016",13,11688,108,73.9,38.2,247,0.367,0.244,0.082,0.251,107.633,73.656,38.118,246.749
"207","M5",33941.9830761875,24698.2645427892,38758.1266695193,47900.7831866536,6519.77,1,0.339019607843137,"2016",13,11688,108,73.9,38.2,247,0.367,0.244,0.082,0.251,107.633,73.656,38.118,246.749
"208","M12",33591.3561179688,24584.0846359102,38686.9480451806,47834.8959473604,6872.343,0,0.339019607843137,"2016",13,11688,108,73.9,38.2,247,0.367,0.244,0.082,0.251,107.633,73.656,38.118,246.749
"209","M12",33591.3561179688,24584.0846359102,38686.9480451806,47834.8959473604,6872.343,1,0.339019607843137,"2016",13,11688,108,73.9,38.2,247,0.367,0.244,0.082,0.251,107.633,73.656,38.118,246.749
"210","RAP",35134.0880670639,25803.6191830836,39787.5877621464,48918.6972759373,5340.872,0,0.339019607843137,"2016",13,11688,108,73.9,38.2,247,0.367,0.244,0.082,0.251,107.633,73.656,38.118,246.749
"211","RAP",35134.0880670639,25803.6191830836,39787.5877621464,48918.6972759373,5340.872,1,0.339019607843137,"2016",13,11688,108,73.9,38.2,247,0.367,0.244,0.082,0.251,107.633,73.656,38.118,246.749
"212","RCO",35305.3240509728,25829.8646699048,39786.9547152142,48914.0403738518,5161.352,0,0.339019607843137,"2016",13,11688,108,73.9,38.2,247,0.367,0.244,0.082,0.251,107.633,73.656,38.118,246.749
"213","RCO",35305.3240509728,25829.8646699048,39786.9547152142,48914.0403738518,5161.352,1,0.339019607843137,"2016",13,11688,108,73.9,38.2,247,0.367,0.244,0.082,0.251,107.633,73.656,38.118,246.749
"214","ARN",30428.7142739255,13869.2749379916,2266.66605623771,9948.50364903185,25332.565,1,0.343240740740741,"2017",16,12000,NA,NA,NA,NA,NA,NA,NA,NA,NA,NA,NA,NA
"215","BAT",20591.8953470582,20728.8132006056,17671.4322433271,20402.0152096503,10689.48,1,0.343240740740741,"2017",16,12000,NA,NA,NA,NA,NA,NA,NA,NA,NA,NA,NA,NA
"216","BCI",13614.4365716764,15252.8150983876,19186.3848092991,25216.3342469678,10988.875,1,0.343240740740741,"2017",16,12000,NA,NA,NA,NA,NA,NA,NA,NA,NA,NA,NA,NA
"217","DC1",19028.3808434717,16678.663815354,30779.6562958475,39640.837798094,21509.056,1,0.343240740740741,"2017",16,12000,NA,NA,NA,NA,NA,NA,NA,NA,NA,NA,NA,NA
"218","ESC",23426.0581320076,18807.0372303987,13702.138906408,16418.2431695599,14719.139,1,0.343240740740741,"2017",16,12000,NA,NA,NA,NA,NA,NA,NA,NA,NA,NA,NA,NA
"219","HUM",35937.6716455615,23842.6369092347,10413.3794279523,4785.59435961722,27124.664,1,0.343240740740741,"2017",16,12000,NA,NA,NA,NA,NA,NA,NA,NA,NA,NA,NA,NA
"220","LAT",24343.6003652747,358.105997715729,14859.7180488225,23984.9251634188,26352.156,1,0.343240740740741,"2017",16,12000,NA,NA,NA,NA,NA,NA,NA,NA,NA,NA,NA,NA
"221","MLR",7910.90187426184,23246.4106456374,27738.1044379479,32828.5702651639,5954.871,1,0.343240740740741,"2017",16,12000,NA,NA,NA,NA,NA,NA,NA,NA,NA,NA,NA,NA
"222","RAI",28922.5675863019,18315.8697676524,8411.76233678177,10127.8592118374,21113.423,1,0.343240740740741,"2017",16,12000,NA,NA,NA,NA,NA,NA,NA,NA,NA,NA,NA,NA
"223","TAC",35307.1371759903,24623.3712741696,11783.9469368501,6668.71850169133,25939.737,1,0.343240740740741,"2017",16,12000,NA,NA,NA,NA,NA,NA,NA,NA,NA,NA,NA,NA
"224","TAS",9915.62526138415,33123.884112006,38590.5018299905,43350.8933902728,12880.456,1,0.343240740740741,"2017",16,12000,NA,NA,NA,NA,NA,NA,NA,NA,NA,NA,NA,NA
"225","TME",24216.5906242848,894.404151153207,13778.891177105,22874.8573122282,25613.735,1,0.343240740740741,"2017",16,12000,NA,NA,NA,NA,NA,NA,NA,NA,NA,NA,NA,NA
"226","TMH",9743.71597206114,24421.3624924082,27847.154645502,32402.0103248981,3912.728,1,0.343240740740741,"2017",16,12000,NA,NA,NA,NA,NA,NA,NA,NA,NA,NA,NA,NA
"227","TMR",31742.9503478206,22590.9018621568,36780.0814274588,45937.8004285664,8771.424,1,0.343240740740741,"2017",16,12000,NA,NA,NA,NA,NA,NA,NA,NA,NA,NA,NA,NA
"228","M2",35250.9072610082,25953.7087142782,39935.0883824051,49065.6350691072,5232.743,1,0.343240740740741,"2017",16,12000,NA,NA,NA,NA,NA,NA,NA,NA,NA,NA,NA,NA
"229","M5",33941.9830761875,24698.2645427892,38758.1266695193,47900.7831866536,6519.77,1,0.343240740740741,"2017",16,12000,NA,NA,NA,NA,NA,NA,NA,NA,NA,NA,NA,NA
"230","M12",33591.3561179688,24584.0846359102,38686.9480451806,47834.8959473604,6872.343,1,0.343240740740741,"2017",16,12000,NA,NA,NA,NA,NA,NA,NA,NA,NA,NA,NA,NA
"231","RAP",35134.0880670639,25803.6191830836,39787.5877621464,48918.6972759373,5340.872,1,0.343240740740741,"2017",16,12000,NA,NA,NA,NA,NA,NA,NA,NA,NA,NA,NA,NA
"232","ARN",30428.7142739255,13869.2749379916,2266.66605623771,9948.50364903185,25332.565,1,0.348190476190476,"2018",20,12199,NA,NA,NA,NA,NA,NA,NA,NA,NA,NA,NA,NA
"233","BAT",20591.8953470582,20728.8132006056,17671.4322433271,20402.0152096503,10689.48,1,0.348190476190476,"2018",20,12199,NA,NA,NA,NA,NA,NA,NA,NA,NA,NA,NA,NA
"234","BCI",13614.4365716764,15252.8150983876,19186.3848092991,25216.3342469678,10988.875,1,0.348190476190476,"2018",20,12199,NA,NA,NA,NA,NA,NA,NA,NA,NA,NA,NA,NA
"235","DC1",19028.3808434717,16678.663815354,30779.6562958475,39640.837798094,21509.056,1,0.348190476190476,"2018",20,12199,NA,NA,NA,NA,NA,NA,NA,NA,NA,NA,NA,NA
"236","ESC",23426.0581320076,18807.0372303987,13702.138906408,16418.2431695599,14719.139,1,0.348190476190476,"2018",20,12199,NA,NA,NA,NA,NA,NA,NA,NA,NA,NA,NA,NA
"237","HUM",35937.6716455615,23842.6369092347,10413.3794279523,4785.59435961722,27124.664,1,0.348190476190476,"2018",20,12199,NA,NA,NA,NA,NA,NA,NA,NA,NA,NA,NA,NA
"238","LAT",24343.6003652747,358.105997715729,14859.7180488225,23984.9251634188,26352.156,1,0.348190476190476,"2018",20,12199,NA,NA,NA,NA,NA,NA,NA,NA,NA,NA,NA,NA
"239","MLR",7910.90187426184,23246.4106456374,27738.1044379479,32828.5702651639,5954.871,1,0.348190476190476,"2018",20,12199,NA,NA,NA,NA,NA,NA,NA,NA,NA,NA,NA,NA
"240","RAI",28922.5675863019,18315.8697676524,8411.76233678177,10127.8592118374,21113.423,1,0.348190476190476,"2018",20,12199,NA,NA,NA,NA,NA,NA,NA,NA,NA,NA,NA,NA
"241","TAC",35307.1371759903,24623.3712741696,11783.9469368501,6668.71850169133,25939.737,1,0.348190476190476,"2018",20,12199,NA,NA,NA,NA,NA,NA,NA,NA,NA,NA,NA,NA
"242","TAS",9915.62526138415,33123.884112006,38590.5018299905,43350.8933902728,12880.456,1,0.348190476190476,"2018",20,12199,NA,NA,NA,NA,NA,NA,NA,NA,NA,NA,NA,NA
"243","TMH",9743.71597206114,24421.3624924082,27847.154645502,32402.0103248981,3912.728,1,0.348190476190476,"2018",20,12199,NA,NA,NA,NA,NA,NA,NA,NA,NA,NA,NA,NA
"244","TMR",31742.9503478206,22590.9018621568,36780.0814274588,45937.8004285664,8771.424,1,0.348190476190476,"2018",20,12199,NA,NA,NA,NA,NA,NA,NA,NA,NA,NA,NA,NA
"245","M2",35250.9072610082,25953.7087142782,39935.0883824051,49065.6350691072,5232.743,1,0.348190476190476,"2018",20,12199,NA,NA,NA,NA,NA,NA,NA,NA,NA,NA,NA,NA
"246","M5",33941.9830761875,24698.2645427892,38758.1266695193,47900.7831866536,6519.77,1,0.348190476190476,"2018",20,12199,NA,NA,NA,NA,NA,NA,NA,NA,NA,NA,NA,NA
"247","M12",33591.3561179688,24584.0846359102,38686.9480451806,47834.8959473604,6872.343,1,0.348190476190476,"2018",20,12199,NA,NA,NA,NA,NA,NA,NA,NA,NA,NA,NA,NA
"248","RAP",35134.0880670639,25803.6191830836,39787.5877621464,48918.6972759373,5340.872,1,0.348190476190476,"2018",20,12199,NA,NA,NA,NA,NA,NA,NA,NA,NA,NA,NA,NA
"249","RCO",35305.3240509728,25829.8646699048,39786.9547152142,48914.0403738518,5161.352,1,0.348190476190476,"2018",20,12199,NA,NA,NA,NA,NA,NA,NA,NA,NA,NA,NA,NA
"250","ARN",30428.7142739255,13869.2749379916,2266.66605623771,9948.50364903185,25332.565,1,0.463703703703704,"2019",24,12281,NA,NA,NA,NA,NA,NA,NA,NA,NA,NA,NA,NA
"251","BAT",20591.8953470582,20728.8132006056,17671.4322433271,20402.0152096503,10689.48,1,0.463703703703704,"2019",24,12281,NA,NA,NA,NA,NA,NA,NA,NA,NA,NA,NA,NA
"252","BCI",13614.4365716764,15252.8150983876,19186.3848092991,25216.3342469678,10988.875,1,0.463703703703704,"2019",24,12281,NA,NA,NA,NA,NA,NA,NA,NA,NA,NA,NA,NA
"253","DC1",19028.3808434717,16678.663815354,30779.6562958475,39640.837798094,21509.056,1,0.463703703703704,"2019",24,12281,NA,NA,NA,NA,NA,NA,NA,NA,NA,NA,NA,NA
"254","ESC",23426.0581320076,18807.0372303987,13702.138906408,16418.2431695599,14719.139,1,0.463703703703704,"2019",24,12281,NA,NA,NA,NA,NA,NA,NA,NA,NA,NA,NA,NA
"255","HUM",35937.6716455615,23842.6369092347,10413.3794279523,4785.59435961722,27124.664,1,0.463703703703704,"2019",24,12281,NA,NA,NA,NA,NA,NA,NA,NA,NA,NA,NA,NA
"256","LAT",24343.6003652747,358.105997715729,14859.7180488225,23984.9251634188,26352.156,1,0.463703703703704,"2019",24,12281,NA,NA,NA,NA,NA,NA,NA,NA,NA,NA,NA,NA
"257","RAI",28922.5675863019,18315.8697676524,8411.76233678177,10127.8592118374,21113.423,1,0.463703703703704,"2019",24,12281,NA,NA,NA,NA,NA,NA,NA,NA,NA,NA,NA,NA
"258","TAC",35307.1371759903,24623.3712741696,11783.9469368501,6668.71850169133,25939.737,1,0.463703703703704,"2019",24,12281,NA,NA,NA,NA,NA,NA,NA,NA,NA,NA,NA,NA
"259","TAS",9915.62526138415,33123.884112006,38590.5018299905,43350.8933902728,12880.456,1,0.463703703703704,"2019",24,12281,NA,NA,NA,NA,NA,NA,NA,NA,NA,NA,NA,NA
"260","TME",24216.5906242848,894.404151153207,13778.891177105,22874.8573122282,25613.735,1,0.463703703703704,"2019",24,12281,NA,NA,NA,NA,NA,NA,NA,NA,NA,NA,NA,NA
"261","TMH",9743.71597206114,24421.3624924082,27847.154645502,32402.0103248981,3912.728,1,0.463703703703704,"2019",24,12281,NA,NA,NA,NA,NA,NA,NA,NA,NA,NA,NA,NA
"262","TMR",31742.9503478206,22590.9018621568,36780.0814274588,45937.8004285664,8771.424,1,0.463703703703704,"2019",24,12281,NA,NA,NA,NA,NA,NA,NA,NA,NA,NA,NA,NA
"263","M2",35250.9072610082,25953.7087142782,39935.0883824051,49065.6350691072,5232.743,1,0.463703703703704,"2019",24,12281,NA,NA,NA,NA,NA,NA,NA,NA,NA,NA,NA,NA
"264","M5",33941.9830761875,24698.2645427892,38758.1266695193,47900.7831866536,6519.77,1,0.463703703703704,"2019",24,12281,NA,NA,NA,NA,NA,NA,NA,NA,NA,NA,NA,NA
"265","M12",33591.3561179688,24584.0846359102,38686.9480451806,47834.8959473604,6872.343,1,0.463703703703704,"2019",24,12281,NA,NA,NA,NA,NA,NA,NA,NA,NA,NA,NA,NA
"266","RAP",35134.0880670639,25803.6191830836,39787.5877621464,48918.6972759373,5340.872,1,0.463703703703704,"2019",24,12281,NA,NA,NA,NA,NA,NA,NA,NA,NA,NA,NA,NA
"267","RCO",35305.3240509728,25829.8646699048,39786.9547152142,48914.0403738518,5161.352,1,0.463703703703704,"2019",24,12281,NA,NA,NA,NA,NA,NA,NA,NA,NA,NA,NA,NA
"268","DC1",19028.3808434717,16678.663815354,30779.6562958475,39640.837798094,21509.056,1,0.203333333333333,"2020",26.8,12245,NA,NA,NA,NA,NA,NA,NA,NA,NA,NA,NA,NA
"269","BCI",13614.4365716764,15252.8150983876,19186.3848092991,25216.3342469678,10988.875,1,0.203333333333333,"2020",26.8,12245,NA,NA,NA,NA,NA,NA,NA,NA,NA,NA,NA,NA
